M1,Minf,a,b
1.0979830880057961,1.2872710096301088,-0.007673607504482008,0.4003272602273372
